,Team Code,Name,Series,G,AB,R,H,2B,3B,HR,RBI,BB,SO,BA,OBP,SLG,OPS,SB,CS,E,WPA,cWPA,G.1,AB.1,R.1,H.1,HR.1,RBI.1,SB.1,BA.1,OPS.1,RegOPS,wcOPS,dsOPS,dcOPS,wsOPS
234,ARI,Alek Thomas*,nlcs,7,14,4,3,0,0,2,4,2,2,0.214,0.294,0.643,0.937,1,0,0,0.21,4.66%,125,374,51,86,9,39,9,0.23,0.647,0.647,0.625,0.93,0.937,0.524
231,ARI,Andrew Saalfrank*,nlcs,5,0,0,0,0,0,0,0,0,0,,,,,0,0,0,0,0.00%,0,,,,,,,,,0,0,0,0,0
228,ARI,Brandon Pfaadt,nlcs,2,0,0,0,0,0,0,0,0,0,,,,,0,0,0,0,0.00%,0,,,,,,,,,0,0,0,0,0
236,ARI,Christian Walker,nlcs,7,22,2,2,1,0,0,2,7,9,0.091,0.31,0.136,0.447,2,0,0,-0.22,-4.31%,157,582,86,150,33,103,11,0.258,0.83,0.83,0.944,1.095,0.447,0.729
212,ARI,Corbin Carroll*,nlcs,7,27,3,6,0,0,0,2,1,5,0.222,0.267,0.222,0.489,2,0,0,-0.02,6.83%,155,565,116,161,25,76,54,0.285,0.868,0.868,1.81,1.1,0.489,0.61
230,ARI,Emmanuel Rivera,nlcs,5,12,1,2,0,0,0,1,0,2,0.167,0.167,0.167,0.333,0,0,1,-0.47,-6.29%,86,257,32,67,4,29,1,0.261,0.672,0.672,0,0,0.333,1.1
221,ARI,Evan Longoria,nlcs,7,19,1,2,1,0,0,1,3,9,0.105,0.227,0.158,0.385,0,0,0,-0.35,-8.62%,74,211,25,47,11,28,0,0.223,0.717,0.717,0.25,0.55,0.385,0.636
224,ARI,Gabriel Moreno,nlcs,7,27,0,8,1,0,0,3,3,7,0.296,0.367,0.333,0.7,0,0,1,0.48,11.82%,111,341,33,97,7,50,6,0.284,0.747,0.747,1.133,1.091,0.7,0.527
227,ARI,Geraldo Perdomo#,nlcs,7,24,4,8,0,0,1,2,1,8,0.333,0.36,0.458,0.818,1,0,0,-0.1,-2.37%,144,407,71,100,6,47,16,0.246,0.712,0.712,0.821,0.722,0.818,0.62
252,ARI,Jace Peterson*,nlds,2,1,0,0,0,0,0,0,0,0,0,0,0,0,0,0,0,-0.01,-0.07%,*133,374,35,79,6,37,15,0.211,0.611,0.611,0,0,0,0
222,ARI,Joe Mantiply,nlcs,4,0,0,0,0,0,0,0,0,0,,,,,0,0,0,0,0.00%,0,,,,,,,,,0,0,0,0,0
220,ARI,Jordan Lawlar,nlcs,1,1,0,0,0,0,0,0,0,0,0,0,0,0,0,0,0,0,0.00%,14,31,2,4,0,0,1,0.129,0.335,0.335,0,0,0,0
244,ARI,Jose Herrera#,nlds,1,1,0,0,0,0,0,0,0,0,0,0,0,0,0,0,0,0.01,0.04%,41,101,15,21,0,7,1,0.208,0.553,0.553,0.333,0,0,0
223,ARI,Ketel Marte#,nlcs,7,31,2,12,4,1,0,3,1,10,0.387,0.406,0.581,0.987,1,0,2,0.35,5.08%,150,569,94,157,25,82,8,0.276,0.844,0.844,0.958,1,0.987,0.725
217,ARI,Kevin Ginkel*,nlcs,4,0,0,0,0,0,0,0,0,0,,,,,0,0,0,0,0.00%,1,0,0,0,0,0,0,,,0,0,0,0,0
225,ARI,Kyle Nelson*,nlcs,2,0,0,0,0,0,0,0,0,0,,,,,0,0,0,0,0.00%,1,0,0,0,0,0,0,,,0,0,0,0,0
218,ARI,Lourdes Gurriel Jr.,nlcs,7,27,2,7,2,0,1,2,1,6,0.259,0.286,0.444,0.73,2,0,0,0.19,2.83%,145,551,65,144,24,82,5,0.261,0.772,0.772,0.25,0.923,0.73,0.85
215,ARI,Luis Frías,nlcs,3,0,0,0,0,0,0,0,0,0,,,,,0,0,0,0,0.00%,1,0,0,0,0,0,0,,,0,0,0,0,0
219,ARI,Merrill Kelly,nlcs,2,0,0,0,0,0,0,0,0,0,,,,,0,0,0,0,0.00%,0,,,,,,,,,0,0,0,0,0
213,ARI,Miguel Castro,nlcs,3,0,0,0,0,0,0,0,0,0,,,,,0,0,0,0,0.00%,2,0,0,0,0,0,0,,,0,0,0,0,0
232,ARI,Paul Sewald,nlcs,4,0,0,0,0,0,0,0,0,0,,,,,0,0,0,0,0.00%,*2,0,0,0,0,0,0,,,0,0,0,0,0
233,ARI,Pavin Smith*,nlcs,6,9,1,3,0,0,0,0,0,2,0.333,0.333,0.333,0.667,0,0,0,0,-3.24%,69,191,26,36,7,30,1,0.188,0.642,0.642,0,0,0.667,0
235,ARI,Ryan Thompson,nlcs,4,0,0,0,0,0,0,0,0,0,,,,,0,0,0,0,0.00%,*0,,,,,,,,,0,0,0,0,0
226,ARI,Ryne Nelson,nlcs,1,0,0,0,0,0,0,0,0,0,,,,,0,0,0,0,0.00%,0,,,,,,,,,0,0,0,0,0
214,ARI,Slade Cecconi,nlcs,2,0,0,0,0,0,0,0,0,0,,,,,0,0,0,0,0.00%,0,,,,,,,,,0,0,0,0,0
229,ARI,Tommy Pham,nlcs,6,20,1,2,0,0,1,1,0,9,0.1,0.1,0.25,0.35,0,0,0,-0.27,-6.21%,*129,426,55,109,16,68,22,0.256,0.774,0.774,0.347,1.071,0.35,1.165
216,ARI,Zac Gallen,nlcs,2,0,0,0,0,0,0,0,0,0,,,,,0,0,0,0,0.00%,0,,,,,,,,,0,0,0,0,0
85,ATL,A.J. Minter*,nlds,3,0,0,0,0,0,0,0,0,0,,,,,0,0,0,0,0.00%,0,,,,,,,,,0,0,0,0,0
92,ATL,AJ Smith-Shawver,nlds,1,0,0,0,0,0,0,0,0,0,,,,,0,0,0,0,0.00%,0,,,,,,,,,0,0,0,0,0
90,ATL,Austin Riley,nlds,4,17,2,6,0,0,2,3,0,6,0.353,0.353,0.706,1.059,0,0,0,0.55,5.32%,159,636,117,179,37,97,3,0.281,0.861,0.861,0,1.059,0,0
78,ATL,Brad Hand*,nlds,1,0,0,0,0,0,0,0,0,0,,,,,0,0,0,0,0.00%,*0,,,,,,,,,0,0,0,0,0
75,ATL,Bryce Elder,nlds,1,0,0,0,0,0,0,0,0,0,,,,,0,0,0,0,0.00%,0,,,,,,,,,0,0,0,0,0
80,ATL,Daysbel Hernández,nlds,1,0,0,0,0,0,0,0,0,0,,,,,0,0,0,0,0.00%,0,,,,,,,,,0,0,0,0,0
91,ATL,Eddie Rosario*,nlds,4,7,0,1,0,0,0,0,0,3,0.143,0.143,0.143,0.286,0,0,0,-0.08,-1.13%,142,478,64,122,21,74,3,0.255,0.755,0.755,0,0.286,0,0
95,ATL,Forrest Wall*,nlds,2,1,0,0,0,0,0,0,0,0,0,0,0,0,0,0,0,0,-0.05%,15,13,6,6,1,2,5,0.462,1.379,1.379,0,0,0,0
82,ATL,Joe Jiménez,nlds,1,0,0,0,0,0,0,0,0,0,,,,,0,0,0,0,0.00%,1,0,0,0,0,0,0,,,0,0,0,0,0
89,ATL,Kevin Pillar,nlds,4,5,0,0,0,0,0,0,2,3,0,0.286,0,0.286,0,0,0,-0.22,-2.68%,81,197,29,45,9,32,4,0.228,0.664,0.664,0,0.286,0,0
96,ATL,Kirby Yates*,nlds,1,0,0,0,0,0,0,0,0,0,,,,,0,0,0,0,0.00%,0,,,,,,,,,0,0,0,0,0
88,ATL,Marcell Ozuna,nlds,4,13,1,2,0,0,0,0,2,4,0.154,0.267,0.154,0.421,0,0,,-0.27,-2.98%,144,530,84,145,40,100,0,0.274,0.905,0.905,0,0.421,0,0
87,ATL,Matt Olson*,nlds,4,16,1,4,0,0,0,0,1,1,0.25,0.294,0.25,0.544,0,0,0,-0.05,-0.47%,162,608,127,172,54,139,1,0.283,0.993,0.993,0,0.544,0,0
76,ATL,Max Fried*,nlds,1,0,0,0,0,0,0,0,0,0,,,,,0,0,0,0,0.00%,0,,,,,,,,,0,0,0,0,0
79,ATL,Michael Harris II*,nlds,4,13,0,0,0,0,0,0,0,3,0,0,0,0,0,0,0,-0.34,-3.42%,138,505,76,148,18,57,20,0.293,0.808,0.808,0,0,0,0
94,ATL,Michael Tonkin,nlds,1,0,0,0,0,0,0,0,0,0,,,,,0,0,0,0,0.00%,0,,,,,,,,,0,0,0,0,0
84,ATL,Nicky Lopez*,nlds,1,0,0,0,0,0,0,0,0,0,,,,,0,0,0,0,0.00%,*93,225,32,52,1,25,6,0.231,0.632,0.632,0,0,0,0
73,ATL,Orlando Arcia,nlds,4,13,0,2,0,0,0,1,1,4,0.154,0.214,0.154,0.368,0,0,0,-0.11,-1.16%,139,488,66,129,17,65,1,0.264,0.741,0.741,0,0.368,0,0
72,ATL,Ozzie Albies#,nlds,4,15,0,4,0,0,0,1,2,3,0.267,0.353,0.267,0.62,0,1,0,-0.14,-1.36%,148,596,96,167,33,109,13,0.28,0.849,0.849,0,0.62,0,0
83,ATL,Pierce Johnson,nlds,3,0,0,0,0,0,0,0,0,0,,,,,0,0,0,0,0.00%,*1,0,0,0,0,0,0,,,0,0,0,0,0
81,ATL,Raisel Iglesias,nlds,3,0,0,0,0,0,0,0,0,0,,,,,0,0,0,0,0.00%,0,,,,,,,,,0,0,0,0,0
71,ATL,Ronald Acuna Jr.,nlds,4,14,3,2,1,0,0,0,2,2,0.143,0.294,0.214,0.508,2,0,0,-0.22,-2.61%,159,643,149,217,41,106,73,0.337,1.012,1.012,0,0.508,0,0
86,ATL,Sean Murphy,nlds,2,7,0,2,0,0,0,0,0,2,0.286,0.286,0.286,0.571,0,0,1,0.07,1.18%,108,370,65,93,21,68,0,0.251,0.844,0.844,0,0.571,0,0
93,ATL,Spencer Strider,nlds,2,0,0,0,0,0,0,0,0,0,,,,,0,0,1,0,0.00%,0,,,,,,,,,0,0,0,0,0
74,ATL,Travis d'Arnaud,nlds,3,7,1,1,0,0,1,2,1,2,0.143,0.25,0.571,0.821,0,0,1,0.14,1.41%,74,267,31,60,11,39,0,0.225,0.685,0.685,0,0.821,0,0
77,ATL,Vaughn Grissom,nlds,1,1,0,0,0,0,0,0,0,1,0,0,0,0,0,0,,-0.08,-0.99%,23,75,5,21,0,9,0,0.28,0.659,0.659,0,0,0,0
480,BAL,Aaron Hicks#,alds,3,8,1,2,0,0,1,5,2,1,0.25,0.4,0.625,1.025,0,0,0,0.14,1.25%,*93,269,44,68,8,36,6,0.253,0.735,0.735,0,1.025,0,0
475,BAL,Adam Frazier*,alds,2,5,0,0,0,0,0,0,0,0,0,0,0,0,0,0,0,-0.19,-1.83%,141,412,59,99,13,60,11,0.24,0.696,0.696,0,0,0,0
488,BAL,Adley Rutschman#,alds,3,12,0,1,1,0,0,0,1,2,0.083,0.154,0.167,0.321,0,0,0,-0.09,-0.72%,154,588,84,163,20,80,1,0.277,0.809,0.809,0,0.321,0,0
489,BAL,Anthony Santander#,alds,3,11,2,3,0,0,1,1,2,0,0.273,0.385,0.545,0.93,0,0,0,-0.16,-1.46%,153,591,81,152,28,95,5,0.257,0.797,0.797,0,0.93,0,0
478,BAL,Austin Hays,alds,3,11,1,3,1,0,0,0,2,3,0.273,0.385,0.364,0.748,0,0,0,0.09,0.96%,144,520,76,143,16,67,5,0.275,0.769,0.769,0,0.748,0,0
470,BAL,Bryan Baker,alds,1,0,0,0,0,0,0,0,0,0,,,,,0,0,0,0,0.00%,2,0,0,0,0,0,0,,,0,0,0,0,0
484,BAL,Cedric Mullins*,alds,3,12,0,0,0,0,0,0,0,3,0,0,0,0,0,0,0,-0.2,-1.84%,116,404,51,94,15,74,19,0.233,0.721,0.721,0,0,0,0
486,BAL,Cionel Pérez,alds,2,0,0,0,0,0,0,0,0,0,,,,,0,0,0,0,0.00%,3,0,0,0,0,0,0,,,0,0,0,0,0
473,BAL,Danny Coulombe*,alds,2,0,0,0,0,0,0,0,0,0,,,,,0,0,0,0,0.00%,2,0,0,0,0,0,0,,,0,0,0,0,0
481,BAL,Dean Kremer,alds,1,0,0,0,0,0,0,0,0,0,,,,,0,0,0,0,0.00%,0,,,,,,,,,0,0,0,0,0
477,BAL,DL Hall*,alds,2,0,0,0,0,0,0,0,0,0,,,,,0,0,0,0,0.00%,1,0,0,0,0,0,0,,,0,0,0,0,0
487,BAL,Grayson Rodriguez*,alds,1,0,0,0,0,0,0,0,0,0,,,,,0,0,0,0,0.00%,0,,,,,,,,,0,0,0,0,0
479,BAL,Gunnar Henderson*,alds,3,12,3,6,0,0,1,2,1,4,0.5,0.538,0.75,1.288,0,1,0,-0.14,-1.38%,150,560,100,143,28,82,10,0.255,0.814,0.814,0,1.288,0,0
474,BAL,Jack Flaherty,alds,1,0,0,0,0,0,0,0,0,0,,,,,0,0,0,0,0.00%,*0,,,,,,,,,0,0,0,0,0
491,BAL,Jacob Webb,alds,2,0,0,0,0,0,0,0,0,0,,,,,0,0,0,0,0.00%,*0,,,,,,,,,0,0,0,0,0
493,BAL,Jordan Westburg,alds,3,9,2,2,1,0,0,0,0,4,0.222,0.222,0.333,0.556,0,0,0,-0.06,-0.48%,68,208,26,54,3,23,4,0.26,0.715,0.715,0,0.556,0,0
482,BAL,Jorge Mateo,alds,3,5,1,4,2,0,0,1,0,1,0.8,0.8,1.2,2,0,0,0,0.09,0.87%,116,318,58,69,7,34,32,0.217,0.607,0.607,0,2,0,0
471,BAL,Kyle Bradish,alds,1,0,0,0,0,0,0,0,0,0,,,,,0,0,0,0,0.00%,0,,,,,,,,,0,0,0,0,0
476,BAL,Kyle Gibson,alds,1,0,0,0,0,0,0,0,0,0,,,,,0,0,0,0,0.00%,1,0,0,0,0,0,0,,,0,0,0,0,0
490,BAL,Ramón Urías,alds,1,2,0,1,0,0,0,0,0,0,0.5,0.5,0.5,1,0,0,0,0.02,0.24%,116,360,45,95,4,42,3,0.264,0.703,0.703,0,1,0,0
483,BAL,Ryan Mountcastle,alds,3,11,1,2,1,0,0,2,1,4,0.182,0.231,0.273,0.503,0,0,0,-0.11,-0.95%,115,423,64,114,18,68,3,0.27,0.779,0.779,0,0.503,0,0
485,BAL,Ryan O'Hearn*,alds,3,5,0,1,0,0,0,0,0,1,0.2,0.2,0.2,0.4,0,0,,-0.09,-0.77%,112,346,48,100,14,60,5,0.289,0.801,0.801,0,0.4,0,0
492,BAL,Tyler Wells,alds,3,0,0,0,0,0,0,0,0,0,,,,,0,0,0,0,0.00%,0,,,,,,,,,0,0,0,0,0
472,BAL,Yennier Cano,alds,2,0,0,0,0,0,0,0,0,0,,,,,0,0,0,0,0.00%,3,0,0,0,0,0,0,,,0,0,0,0,0
5,HOU,Alex Bregman,alcs,7,26,6,6,1,1,3,5,6,4,0.231,0.375,0.692,1.067,0,0,0,-0.1,0.68%,161,622,103,163,25,98,3,0.262,0.804,0.804,0,0.694,1.067,0
0,HOU,Bryan Abreu,alcs,6,0,0,0,0,0,0,0,0,0,,,,,0,0,0,0,0.00%,0,,,,,,,,,0,0,0,0,0
14,HOU,Chas McCormick,alcs,6,17,1,4,0,0,1,2,2,2,0.235,0.35,0.412,0.762,1,0,0,-0.21,-2.61%,115,403,59,110,22,70,19,0.273,0.842,0.842,0,0.727,0.762,0
10,HOU,Cristian Javier,alcs,2,0,0,0,0,0,0,0,0,0,,,,,0,0,0,0,0.00%,0,,,,,,,,,0,0,0,0,0
23,HOU,Framber Valdez,alcs,2,0,0,0,0,0,0,0,0,0,,,,,0,0,2,0,0.00%,0,,,,,,,,,0,0,0,0,0
11,HOU,Grae Kessinger,alcs,2,0,1,0,0,0,0,0,0,0,,,,,0,0,0,0,0.00%,26,40,3,8,1,1,0,0.2,0.614,0.614,0,0,0,0
16,HOU,Hector Neris,alcs,5,0,0,0,0,0,0,0,0,0,,,,,0,0,0,0,0.00%,1,0,0,0,0,0,0,,,0,0,0,0,0
6,HOU,Hunter Brown,alcs,2,0,0,0,0,0,0,0,0,0,,,,,0,0,0,0,0.00%,0,,,,,,,,,0,0,0,0,0
9,HOU,J.P. France,alcs,2,0,0,0,0,0,0,0,0,0,,,,,0,0,0,0,0.00%,0,,,,,,,,,0,0,0,0,0
17,HOU,Jeremy Peña,alcs,7,25,0,4,0,0,0,1,0,5,0.16,0.192,0.16,0.352,0,0,0,-0.29,-6.41%,150,577,81,152,10,52,13,0.263,0.705,0.705,0,0.646,0.352,0
19,HOU,Jon Singleton*,alcs,2,1,0,0,0,0,0,0,1,1,0,0.5,0,0.5,0,0,,-0.03,-1.01%,*36,91,11,15,2,12,0,0.165,0.53,0.53,0,0,0.5,0
1,HOU,José Abreu,alcs,7,28,3,8,1,0,1,5,3,6,0.286,0.355,0.429,0.783,1,0,0,0.27,8.57%,141,540,62,128,18,90,0,0.237,0.68,0.68,0,1.228,0.783,0
22,HOU,José Urquidy,alcs,2,0,0,0,0,0,0,0,0,0,,,,,0,0,0,0,0.00%,0,,,,,,,,,0,0,0,0,0
2,HOU,Jose Altuve,alcs,7,32,9,10,3,0,3,5,2,2,0.313,0.353,0.688,1.04,1,0,1,0.45,12.20%,90,360,76,112,17,51,14,0.311,0.915,0.915,0,0.647,1.04,0
24,HOU,Justin Verlander,alcs,2,0,0,0,0,0,0,0,0,0,,,,,0,0,0,0,0.00%,*0,,,,,,,,,0,0,0,0,0
21,HOU,Kyle Tucker*,alcs,7,26,2,4,2,0,0,0,5,4,0.154,0.29,0.231,0.521,0,0,0,-0.18,-3.95%,157,574,97,163,29,112,30,0.284,0.886,0.886,0,0.508,0.521,0
12,HOU,Martín Maldonado,alcs,7,16,2,2,0,0,0,2,3,7,0.125,0.3,0.125,0.425,0,0,0,-0.03,-3.21%,116,362,33,69,15,36,0,0.191,0.606,0.606,0,0.397,0.425,0
8,HOU,Mauricio Dubón,alcs,5,20,3,6,0,0,0,2,0,3,0.3,0.286,0.3,0.586,0,0,0,-0.14,-4.74%,132,467,76,130,10,46,7,0.278,0.72,0.72,0,0.8,0.586,0
4,HOU,Michael Brantley*,alcs,5,17,0,2,1,0,0,1,3,3,0.118,0.25,0.176,0.426,0,0,0,-0.18,-10.22%,15,54,7,15,2,7,0,0.278,0.724,0.724,0,0.879,0.426,0
13,HOU,Phil Maton,alcs,4,0,0,0,0,0,0,0,0,0,,,,,0,0,0,0,0.00%,4,0,0,0,0,0,0,,,0,0,0,0,0
15,HOU,Rafael Montero,alcs,3,0,0,0,0,0,0,0,0,0,,,,,0,0,0,0,0.00%,1,0,0,0,0,0,0,,,0,0,0,0,0
18,HOU,Ryan Pressly,alcs,3,0,0,0,0,0,0,0,0,0,,,,,0,0,0,0,0.00%,3,0,0,0,0,0,0,,,0,0,0,0,0
20,HOU,Ryne Stanek,alcs,3,0,0,0,0,0,0,0,0,0,,,,,0,0,0,0,0.00%,2,0,0,0,0,0,0,,,0,0,0,0,0
25,HOU,Totals,alcs,110,243,33,60,8,2,10,32,28,47,0.247,0.332,0.42,0.752,3,0,,-0.03,0.97%,162,5567,827,1441,222,,107,0.259,0.768,0.768,0,0.818,0.752,0
7,HOU,Yainer Diaz,alcs,5,8,1,1,0,0,0,0,0,1,0.125,0.125,0.125,0.25,0,0,0,-0.13,-1.72%,104,355,51,100,23,60,0,0.282,0.846,0.846,0,0,0.25,0
3,HOU,Yordan Alvarez*,alcs,7,27,5,13,0,1,2,9,3,9,0.481,0.531,0.778,1.309,0,0,,0.54,13.39%,114,410,77,120,31,97,0,0.293,0.99,0.99,0,1.783,1.309,0
143,LAD,Alex Vesia*,nlds,2,0,0,0,0,0,0,0,0,0,,,,,0,0,0,0,0.00%,2,0,0,0,0,0,0,,,0,0,0,0,0
120,LAD,Austin Barnes,nlds,1,1,0,0,0,0,0,0,0,0,0,0,0,0,0,0,,-0.07,-0.38%,59,178,15,32,2,11,2,0.18,0.498,0.498,0,0,0,0
133,LAD,Bobby Miller*,nlds,1,0,0,0,0,0,0,0,0,0,,,,,0,0,0,0,0.00%,0,,,,,,,,,0,0,0,0,0
125,LAD,Brusdar Graterol,nlds,2,0,0,0,0,0,0,0,0,0,,,,,0,0,0,0,0.00%,1,0,0,0,0,0,0,,,0,0,0,0,0
123,LAD,Caleb Ferguson,nlds,2,0,0,0,0,0,0,0,0,0,,,,,0,0,0,0,0.00%,2,0,0,0,0,0,0,,,0,0,0,0,0
142,LAD,Chris Taylor,nlds,3,6,0,1,0,0,0,1,1,2,0.167,0.286,0.167,0.452,0,0,0,-0.05,-0.40%,117,338,51,80,15,56,16,0.237,0.746,0.746,0,0.452,0,0
130,LAD,Clayton Kershaw*,nlds,1,0,0,0,0,0,0,0,0,0,,,,,0,0,0,0,0.00%,0,,,,,,,,,0,0,0,0,0
137,LAD,David Peralta*,nlds,3,6,0,1,1,0,0,0,0,1,0.167,0.167,0.333,0.5,0,0,0,-0.15,-1.07%,133,394,47,102,7,55,4,0.259,0.675,0.675,0,0.5,0,0
140,LAD,Emmet Sheehan,nlds,1,0,0,0,0,0,0,0,0,0,,,,,0,0,0,0,0.00%,0,,,,,,,,,0,0,0,0,0
127,LAD,Enrique Hernández,nlds,3,8,0,3,0,0,0,2,0,0,0.375,0.375,0.375,0.75,0,0,0,0.13,1.07%,*140,465,57,110,11,61,4,0.237,0.646,0.646,0,0.75,0,0
138,LAD,Evan Phillips,nlds,2,0,0,0,0,0,0,0,0,0,,,,,0,0,0,0,0.00%,0,,,,,,,,,0,0,0,0,0
124,LAD,Freddie Freeman*,nlds,3,10,1,1,0,0,0,0,2,2,0.1,0.25,0.1,0.35,0,0,0,-0.29,-2.44%,161,637,131,211,29,102,23,0.331,0.976,0.976,0,0.35,0,0
132,LAD,J.D. Martinez,nlds,3,10,1,2,0,0,1,1,2,4,0.2,0.333,0.5,0.833,0,0,,0.08,1.03%,113,432,61,117,33,103,1,0.271,0.893,0.893,0,0.833,0,0
136,LAD,James Outman*,nlds,3,5,0,0,0,0,0,0,1,3,0,0.167,0,0.167,0,0,0,-0.13,-1.28%,151,483,86,120,23,70,16,0.248,0.79,0.79,0,0.167,0,0
128,LAD,Jason Heyward*,nlds,3,7,0,0,0,0,0,0,0,4,0,0,0,0,0,0,0,-0.05,-0.48%,124,334,56,90,15,40,2,0.269,0.813,0.813,0,0,0,0
129,LAD,Joe Kelly,nlds,1,0,0,0,0,0,0,0,0,0,,,,,0,0,0,0,0.00%,*0,,,,,,,,,0,0,0,0,0
144,LAD,Kolten Wong*,nlds,3,3,0,0,0,0,0,0,1,0,0,0.25,0,0.25,0,0,0,-0.07,-0.94%,*87,224,25,41,4,27,3,0.183,0.519,0.519,0,0.25,0,0
131,LAD,Lance Lynn#,nlds,1,0,0,0,0,0,0,0,0,0,,,,,0,0,0,0,0.00%,*0,,,,,,,,,0,0,0,0,0
135,LAD,Max Muncy*,nlds,3,11,2,2,0,0,0,0,1,4,0.182,0.25,0.182,0.432,0,0,1,-0.11,-0.75%,135,482,95,102,36,105,1,0.212,0.808,0.808,0,0.432,0,0
126,LAD,Michael Grove,nlds,2,0,0,0,0,0,0,0,0,0,,,,,0,0,0,0,0.00%,0,,,,,,,,,0,0,0,0,0
139,LAD,Miguel Rojas,nlds,3,6,0,2,0,0,0,0,0,0,0.333,0.333,0.333,0.667,0,0,0,0.01,0.20%,124,385,49,91,5,31,8,0.236,0.612,0.612,0,0.667,0,0
121,LAD,Mookie Betts,nlds,3,11,1,0,0,0,0,0,1,2,0,0.083,0,0.083,0,0,0,-0.15,-1.10%,152,584,126,179,39,107,14,0.307,0.987,0.987,0,0.083,0,0
122,LAD,Ryan Brasier,nlds,1,0,0,0,0,0,0,0,0,0,,,,,0,0,0,0,0.00%,*1,0,0,0,0,0,0,,,0,0,0,0,0
134,LAD,Shelby Miller,nlds,1,0,0,0,0,0,0,0,0,0,,,,,0,0,0,0,0.00%,1,1,0,0,0,0,0,0,0,0,0,0,0,0
141,LAD,Will Smith,nlds,3,12,1,5,1,1,0,2,0,1,0.417,0.417,0.667,1.083,0,0,0,-0.02,-0.52%,126,464,80,121,19,76,3,0.261,0.797,0.797,0,1.083,0,0
511,MIA,A.J. Puk*,nlwc,1,0,0,0,0,0,0,0,0,0,,,,,0,0,0,0,0.00%,0,,,,,,,,,0,0,0,0,0
509,MIA,Andrew Nardi*,nlwc,1,0,0,0,0,0,0,0,0,0,,,,,0,0,0,0,0.00%,1,0,0,0,0,0,0,,,0,0,0,0,0
505,MIA,Braxton Garrett,nlwc,1,0,0,0,0,0,0,0,0,0,,,,,0,0,0,0,0.00%,0,,,,,,,,,0,0,0,0,0
502,MIA,Bryan De La Cruz,nlwc,2,6,0,1,0,0,0,1,1,0,0.167,0.286,0.167,0.452,0,0,0,0.06,0.33%,153,579,60,149,19,78,4,0.257,0.715,0.715,0.452,0,0,0
512,MIA,David Robertson,nlwc,1,0,0,0,0,0,0,0,0,0,,,,,0,0,0,0,0.00%,*0,,,,,,,,,0,0,0,0,0
507,MIA,Garrett Hampson,nlwc,1,1,0,0,0,0,0,0,0,0,0,0,0,0,0,0,,-0.03,-0.14%,98,221,30,61,3,23,5,0.276,0.729,0.729,0,0,0,0
516,MIA,George Soriano,nlwc,1,0,0,0,0,0,0,0,0,0,,,,,0,0,0,0,0.00%,0,,,,,,,,,0,0,0,0,0
498,MIA,Huascar Brazoban,nlwc,1,0,0,0,0,0,0,0,0,0,,,,,0,0,0,0,0.00%,0,,,,,,,,,0,0,0,0,0
517,MIA,Jacob Stallings,nlwc,2,2,0,0,0,0,0,0,0,0,0,0,0,0,0,0,0,-0.09,-0.51%,88,241,22,46,3,20,0,0.191,0.565,0.565,0,0,0,0
499,MIA,Jake Burger,nlwc,2,7,0,2,0,0,0,0,0,0,0.286,0.286,0.286,0.571,0,0,1,-0.01,-0.06%,*141,492,71,123,34,80,1,0.25,0.828,0.828,0.571,0,0,0
501,MIA,Jazz Chisholm Jr.*,nlwc,2,8,0,0,0,0,0,0,0,4,0,0,0,0,0,0,0,-0.18,-1.02%,97,352,50,88,19,51,22,0.25,0.761,0.761,0,0,0,0
508,MIA,Jesús Luzardo*,nlwc,1,0,0,0,0,0,0,0,0,0,,,,,0,0,0,0,0.00%,0,,,,,,,,,0,0,0,0,0
513,MIA,Jesús Sánchez*,nlwc,2,5,0,1,0,0,0,0,0,1,0.2,0.2,0.2,0.4,0,0,0,-0.09,-0.42%,125,360,43,91,14,52,3,0.253,0.777,0.777,0.4,0,0,0
518,MIA,Joey Wendle*,nlwc,1,0,0,0,0,0,0,0,0,0,,,,,0,0,0,0,0.00%,112,297,33,63,2,20,7,0.212,0.554,0.554,0,0,0,0
497,MIA,Jon Berti,nlwc,2,5,0,1,1,0,0,0,0,3,0.2,0.333,0.4,0.733,0,1,0,-0.08,-0.50%,133,388,53,114,7,33,16,0.294,0.748,0.748,0.733,0,0,0
515,MIA,Jorge Soler,nlwc,2,8,0,1,0,0,0,0,0,5,0.125,0.125,0.125,0.25,0,0,,-0.13,-0.72%,137,504,77,126,36,75,1,0.25,0.853,0.853,0.25,0,0,0
496,MIA,Josh Bell#,nlwc,2,8,1,4,2,0,0,1,0,1,0.5,0.5,0.75,1.25,0,0,0,0.06,0.37%,*150,547,52,135,22,74,0,0.247,0.744,0.744,1.25,0,0,0
500,MIA,JT Chargois#,nlwc,1,0,0,0,0,0,0,0,0,0,,,,,0,0,0,0,0.00%,0,,,,,,,,,0,0,0,0,0
495,MIA,Luis Arraez*,nlwc,2,8,0,1,0,0,0,0,0,0,0.125,0.125,0.125,0.25,0,0,0,-0.1,-0.55%,147,574,71,203,10,69,3,0.354,0.861,0.861,0.25,0,0,0
504,MIA,Nick Fortes,nlwc,1,2,0,0,0,0,0,0,0,1,0,0,0,0,0,0,0,-0.07,-0.43%,108,294,33,60,6,26,4,0.204,0.562,0.562,0,0,0,0
510,MIA,Steven Okert*,nlwc,1,0,0,0,0,0,0,0,0,0,,,,,0,0,0,0,0.00%,0,,,,,,,,,0,0,0,0,0
514,MIA,Tanner Scott,nlwc,1,0,0,0,0,0,0,0,0,0,,,,,0,0,0,0,0.00%,0,,,,,,,,,0,0,0,0,0
503,MIA,Xavier Edwards#,nlwc,1,1,1,1,0,0,0,0,0,0,1,1,1,2,0,0,,0,0.00%,30,78,12,23,0,3,5,0.295,0.663,0.663,2,0,0,0
506,MIA,Yuli Gurriel,nlwc,1,1,0,0,0,0,0,0,0,1,0,0,0,0,0,0,,-0.09,-0.54%,108,298,32,73,4,27,4,0.245,0.663,0.663,0,0,0,0
113,MIL,Abner Uribe,nlwc,2,0,0,0,0,0,0,0,0,0,,,,,0,0,0,0,0.00%,0,,,,,,,,,0,0,0,0,0
106,MIL,Andruw Monasterio,nlwc,2,1,0,0,0,0,0,0,0,1,0,0,0,0,0,0,0,-0.04,-0.31%,92,282,38,73,3,27,7,0.259,0.678,0.678,0,0,0,0
112,MIL,Brice Turang*,nlwc,2,3,0,0,0,0,0,0,1,2,0,0.25,0,0.25,0,0,0,-0.12,-0.71%,137,404,46,88,6,34,26,0.218,0.585,0.585,0.25,0,0,0
116,MIL,Bryse Wilson,nlwc,1,0,0,0,0,0,0,0,0,0,,,,,0,0,0,0,0.00%,0,,,,,,,,,0,0,0,0,0
110,MIL,Carlos Santana#,nlwc,2,7,1,2,0,0,0,1,2,2,0.286,0.444,0.286,0.73,0,0,0,-0.06,-0.47%,*146,550,78,132,23,86,6,0.24,0.747,0.747,0.73,0,0,0
118,MIL,Christian Yelich*,nlwc,2,8,2,4,1,0,0,0,2,1,0.5,0.6,0.625,1.225,1,0,0,0.16,1.07%,144,550,106,153,19,76,28,0.278,0.818,0.818,1.225,0,0,0
99,MIL,Corbin Burnes,nlwc,1,0,0,0,0,0,0,0,0,0,,,,,0,0,0,0,0.00%,0,,,,,,,,,0,0,0,0,0
115,MIL,Devin Williams,nlwc,1,0,0,0,0,0,0,0,0,0,,,,,0,0,0,0,0.00%,0,,,,,,,,,0,0,0,0,0
108,MIL,Elvis Peguero,nlwc,2,0,0,0,0,0,0,0,0,0,,,,,0,0,0,0,0.00%,0,,,,,,,,,0,0,0,0,0
109,MIL,Freddy Peralta,nlwc,1,0,0,0,0,0,0,0,0,0,,,,,0,0,0,0,0.00%,0,,,,,,,,,0,0,0,0,0
105,MIL,Hoby Milner*,nlwc,2,0,0,0,0,0,0,0,0,0,,,,,0,0,0,0,0.00%,0,,,,,,,,,0,0,0,0,0
117,MIL,Jesse Winker*,nlwc,2,2,0,0,0,0,0,0,0,1,0,0,0,0,0,0,,-0.08,-0.55%,61,166,16,33,1,23,0,0.199,0.567,0.567,0,0,0,0
107,MIL,Joel Payamps,nlwc,1,0,0,0,0,0,0,0,0,0,,,,,0,0,0,0,0.00%,0,,,,,,,,,0,0,0,0,0
114,MIL,Joey Wiemer,nlwc,1,0,0,0,0,0,0,0,0,0,,,,,0,0,,0,0.00%,132,367,48,75,13,42,11,0.204,0.645,0.645,0,0,0,0
102,MIL,Josh Donaldson,nlwc,2,7,1,2,0,0,0,0,0,0,0.286,0.375,0.286,0.661,0,0,0,-0.13,-0.87%,*50,165,18,25,13,26,0,0.152,0.667,0.667,0.661,0,0,0
100,MIL,Mark Canha,nlwc,2,8,0,3,0,0,0,0,0,2,0.375,0.444,0.375,0.819,0,0,,0,0.07%,*139,435,51,114,11,62,11,0.262,0.755,0.755,0.819,0,0,0
103,MIL,Sal Frelick*,nlwc,2,8,0,2,0,0,0,1,0,3,0.25,0.222,0.25,0.472,0,0,0,-0.22,-1.49%,57,191,29,47,3,24,7,0.246,0.692,0.692,0.472,0,0,0
104,MIL,Trevor Megill*,nlwc,1,0,0,0,0,0,0,0,0,0,,,,,0,0,0,0,0.00%,0,,,,,,,,,0,0,0,0,0
111,MIL,Tyrone Taylor,nlwc,2,8,1,1,0,0,1,2,0,2,0.125,0.125,0.5,0.625,0,0,0,-0.29,-1.88%,81,231,36,54,10,35,9,0.234,0.713,0.713,0.625,0,0,0
101,MIL,William Contreras,nlwc,2,9,0,3,0,0,0,0,1,3,0.333,0.4,0.333,0.733,0,0,0,0,-0.04%,141,540,86,156,17,78,6,0.289,0.825,0.825,0.733,0,0,0
98,MIL,Willy Adames,nlwc,2,7,0,4,1,0,0,1,1,2,0.571,0.625,0.714,1.339,0,0,0,0.17,0.96%,149,553,73,120,24,80,5,0.217,0.717,0.717,1.339,0,0,0
412,MIN,Alex Kirilloff*,alds,3,7,0,0,0,0,0,0,1,3,0,0.125,0,0.125,0,0,1,-0.17,-1.60%,88,281,35,76,11,41,1,0.27,0.793,0.793,0.333,0.125,0,0
422,MIN,Andrew Stevenson*,alds,1,0,0,0,0,0,0,0,0,0,,,,,0,0,0,0,0.00%,25,37,4,7,0,1,4,0.189,0.466,0.466,0,0,0,0
416,MIN,Bailey Ober,alds,2,0,0,0,0,0,0,0,0,0,,,,,0,0,0,0,0.00%,0,,,,,,,,,0,0,0,0,0
423,MIN,Brock Stewart*,alds,2,0,0,0,0,0,0,0,0,0,,,,,0,0,0,0,0.00%,0,,,,,,,,,0,0,0,0,0
402,MIN,Byron Buxton,alds,1,1,0,0,0,0,0,0,0,0,0,0,0,0,0,0,,-0.05,-0.58%,85,304,49,63,17,42,9,0.207,0.731,0.731,0,0,0,0
425,MIN,Caleb Thielbar,alds,2,0,0,0,0,0,0,0,0,0,,,,,0,0,0,0,0.00%,0,,,,,,,,,0,0,0,0,0
404,MIN,Carlos Correa,alds,4,15,1,6,3,0,0,3,1,4,0.4,0.438,0.6,1.038,0,0,0,0.18,1.23%,135,514,60,118,18,65,0,0.23,0.711,0.711,0.929,1.038,0,0
417,MIN,Chris Paddack,alds,2,0,0,0,0,0,0,0,0,0,,,,,0,0,0,0,0.00%,0,0,0,0,0,0,0,,,0,0,0,0,0
421,MIN,Donovan Solano,alds,3,8,1,1,0,0,0,0,0,4,0.125,0.125,0.125,0.25,0,0,0,-0.15,-1.70%,134,394,43,111,5,38,0,0.282,0.76,0.76,0.6,0.25,0,0
410,MIN,Edouard Julien*,alds,4,11,1,4,2,0,1,2,4,6,0.364,0.533,0.818,1.352,0,0,0,0.25,2.93%,109,338,60,89,16,37,3,0.263,0.839,0.839,0.452,1.352,0,0
418,MIN,Emilio Pagán*,alds,2,0,0,0,0,0,0,0,0,0,,,,,0,0,0,0,0.00%,1,0,0,0,0,0,0,,,0,0,0,0,0
408,MIN,Griffin Jax,alds,2,0,0,0,0,0,0,0,0,0,,,,,0,0,0,0,0.00%,0,,,,,,,,,0,0,0,0,0
405,MIN,Jhoan Duran,alds,2,0,0,0,0,0,0,0,0,0,,,,,0,0,0,0,0.00%,0,,,,,,,,,0,0,0,0,0
420,MIN,Joe Ryan,alds,1,0,0,0,0,0,0,0,0,0,,,,,0,0,0,0,0.00%,0,,,,,,,,,0,0,0,0,0
419,MIN,Jorge Polanco#,alds,4,14,2,2,0,0,1,3,3,5,0.143,0.294,0.357,0.651,0,0,0,-0.17,-2.09%,80,302,38,77,14,48,4,0.255,0.789,0.789,0.661,0.651,0,0
415,MIN,Kenta Maeda,alds,2,0,0,0,0,0,0,0,0,0,,,,,0,0,0,0,0.00%,0,,,,,,,,,0,0,0,0,0
406,MIN,Kyle Farmer,alds,1,3,1,1,0,0,1,2,0,1,0.333,0.333,1.333,1.667,0,0,0,0.12,1.20%,120,336,49,86,11,46,2,0.256,0.725,0.725,0,1.667,0,0
445,MIN,Louie Varland*,alwc,2,0,0,0,0,0,0,0,0,0,,,,,0,0,0,0,0.00%,0,,,,,,,,,0,0,0,0,0
426,MIN,Matt Wallner*,alds,3,5,1,0,0,0,0,0,2,4,0,0.375,0,0.375,0,0,0,-0.1,-0.92%,76,213,42,53,14,41,2,0.249,0.877,0.877,0.25,0.375,0,0
411,MIN,Max Kepler*,alds,4,15,0,3,2,0,0,0,1,7,0.2,0.25,0.333,0.583,0,0,0,-0.12,-1.57%,130,438,72,114,24,66,1,0.26,0.816,0.816,0.5,0.583,0,0
424,MIN,Michael A. Taylor,alds,3,7,1,1,0,0,0,0,0,1,0.143,0.25,0.143,0.393,0,0,0,-0.13,-1.30%,129,355,48,78,21,51,13,0.22,0.72,0.72,0.333,0.393,0,0
439,MIN,Pablo L√≥pez*,alwc,1,0,0,0,0,0,0,0,0,0,,,,,0,0,0,0,0.00%,0,,,,,,,,,0,0,0,0,0
414,MIN,Pablo López*,alds,1,0,0,0,0,0,0,0,0,0,,,,,0,0,0,0,0.00%,0,,,,,,,,,0,0,0,0,0
413,MIN,Royce Lewis,alds,4,16,3,3,0,0,2,2,2,7,0.188,0.278,0.563,0.84,0,0,0,-0.23,-2.90%,58,217,36,67,15,52,6,0.309,0.921,0.921,1.833,0.84,0,0
409,MIN,Ryan Jeffers,alds,4,13,1,2,0,0,0,0,0,6,0.154,0.267,0.154,0.421,0,0,0,-0.21,-2.35%,96,286,46,79,14,43,3,0.276,0.858,0.858,0,0.421,0,0
407,MIN,Sonny Gray,alds,1,0,0,0,0,0,0,0,0,0,,,,,0,0,0,0,0.00%,0,,,,,,,,,0,0,0,0,0
403,MIN,Willi Castro#,alds,4,11,1,2,0,0,0,1,2,4,0.182,0.308,0.182,0.49,0,0,0,-0.07,-0.59%,124,358,60,92,9,34,33,0.257,0.75,0.75,0.5,0.49,0,0
156,PHI,Aaron Nola,nlds,1,0,0,0,0,0,0,0,0,0,,,,,0,0,0,0,0.00%,0,,,,,,,,,0,0,0,0,0
147,PHI,Alec Bohm,nlds,4,13,1,2,0,0,0,1,4,5,0.154,0.353,0.154,0.507,0,0,0,-0.32,-3.49%,145,558,74,153,20,97,4,0.274,0.765,0.765,0.75,0.507,0.797,0
155,PHI,Brandon Marsh*,nlds,4,12,2,5,1,0,1,1,1,5,0.417,0.462,0.75,1.212,1,0,0,0.05,0.63%,133,404,58,112,12,60,10,0.277,0.829,0.829,0,1.212,0.866,0
150,PHI,Bryce Harper*,nlds,4,13,5,6,0,0,3,5,5,2,0.462,0.611,1.154,1.765,1,0,0,0.67,7.21%,126,457,84,134,21,72,11,0.293,0.9,0.9,0.542,1.765,0.858,0
162,PHI,Bryson Stott*,nlds,4,13,1,3,0,0,0,2,2,5,0.231,0.313,0.231,0.543,1,0,0,-0.09,-1.31%,151,585,78,164,15,62,31,0.28,0.747,0.747,0.875,0.543,0.576,0
153,PHI,Craig Kimbrel,nlds,2,0,0,0,0,0,0,0,0,0,,,,,0,0,0,0,0.00%,0,,,,,,,,,0,0,0,0,0
157,PHI,Cristian Pache,nlds,1,2,0,0,0,0,0,0,1,1,0,0.333,0,0.333,1,0,0,-0.03,-0.27%,48,84,12,20,2,11,2,0.238,0.736,0.736,0.533,0.333,0,0
201,PHI,Cristopher Sánchez*,nlcs,1,0,0,0,0,0,0,0,0,0,,,,,0,0,0,0,0.00%,0,,,,,,,,,0,0,0,0,0
203,PHI,Edmundo Sosa,nlcs,2,1,0,0,0,0,0,0,0,0,0,0,0,0,0,0,0,0,0.00%,104,279,34,70,10,30,4,0.251,0.719,0.719,0,0,0,0
207,PHI,Garrett Stubbs*,nlcs,1,0,0,0,0,0,0,0,0,0,,,,,0,0,0,0,0.00%,41,113,15,23,1,12,2,0.204,0.557,0.557,0,0,0,0
161,PHI,Gregory Soto*,nlds,2,0,0,0,0,0,0,0,0,0,,,,,0,0,0,0,0.00%,0,,,,,,,,,0,0,0,0,0
158,PHI,J.T. Realmuto,nlds,4,14,1,3,1,0,1,5,1,5,0.214,0.313,0.5,0.813,0,1,0,0.04,0.47%,135,489,70,123,20,63,16,0.252,0.762,0.762,1.25,0.813,0.704,0
189,PHI,Jake Cave*,nlcs,3,3,0,1,1,0,0,0,0,1,0.333,0.333,0.667,1,0,0,,-0.07,-1.77%,65,184,18,39,5,21,3,0.212,0.62,0.62,0,0,1,0
151,PHI,Jeff Hoffman,nlds,2,0,0,0,0,0,0,0,0,0,,,,,0,0,0,0,0.00%,0,,,,,,,,,0,0,0,0,0
159,PHI,Johan Rojas,nlds,4,15,0,0,0,0,0,0,1,6,0,0.063,0,0.063,0,0,0,-0.24,-2.71%,59,149,24,45,2,23,14,0.302,0.771,0.771,0.333,0.063,0.409,0
146,PHI,José Alvarado*,nlds,3,0,0,0,0,0,0,0,0,0,,,,,0,0,0,0,0.00%,0,,,,,,,,,0,0,0,0,0
168,PHI,JosÃ© Alvarado*,nlwc,1,0,0,0,0,0,0,0,0,0,,,,,0,0,0,0,0.00%,0,,,,,,,,,0,0,0,0,0
160,PHI,Kyle Schwarber*,nlds,4,17,0,2,1,0,0,0,1,5,0.118,0.211,0.176,0.387,0,0,,-0.21,-2.35%,160,585,108,115,47,104,0,0.197,0.817,0.817,0.625,0.387,1.67,0
163,PHI,Matt Strahm,nlds,3,0,0,0,0,0,0,0,0,0,,,,,0,0,0,0,0.00%,0,,,,,,,,,0,0,0,0,0
154,PHI,Michael Lorenzen,nlds,1,0,0,0,0,0,0,0,0,0,,,,,0,0,0,0,0.00%,*0,,,,,,,,,0,0,0,0,0
148,PHI,Nick Castellanos,nlds,4,15,5,7,0,0,4,4,2,1,0.467,0.529,1.267,1.796,1,0,0,0.21,3.53%,157,626,79,170,29,106,11,0.272,0.788,0.788,0.75,1.796,0.278,0
152,PHI,Orion Kerkering,nlds,2,0,0,0,0,0,0,0,0,0,,,,,0,0,0,0,0.00%,0,,,,,,,,,0,0,0,0,0
164,PHI,Ranger Suárez*,nlds,2,0,0,0,0,0,0,0,0,0,,,,,0,0,0,0,0.00%,0,,,,,,,,,0,0,0,0,0
149,PHI,Seranthony Domínguez,nlds,3,0,0,0,0,0,0,0,0,0,,,,,0,0,0,0,0.00%,0,,,,,,,,,0,0,0,0,0
165,PHI,Trea Turner,nlds,4,17,5,8,2,0,2,2,1,3,0.471,0.5,0.941,1.441,2,0,3,0.16,2.15%,155,639,102,170,26,76,30,0.266,0.778,0.778,1.482,1.441,0.636,0
166,PHI,Zack Wheeler*,nlds,1,0,0,0,0,0,0,0,0,0,,,,,0,0,0,0,0.00%,0,,,,,,,,,0,0,0,0,0
458,TB,Andrew Kittredge,alwc,1,0,0,0,0,0,0,0,0,0,,,,,0,0,0,0,0.00%,0,,,,,,,,,0,0,0,0,0
453,TB,Chris Devenski,alwc,1,0,0,0,0,0,0,0,0,0,,,,,0,0,0,0,0.00%,*0,,,,,,,,,0,0,0,0,0
451,TB,Christian Bethancourt,alwc,1,0,0,0,0,0,0,0,0,0,,,,,0,0,0,0,0.00%,104,315,49,71,11,33,1,0.225,0.635,0.635,0,0,0,0
465,TB,Colin Poche*,alwc,1,0,0,0,0,0,0,0,0,0,,,,,0,0,0,0,0.00%,0,,,,,,,,,0,0,0,0,0
462,TB,Curtis Mead,alwc,2,6,0,2,0,0,0,1,0,2,0.333,0.333,0.333,0.667,0,0,0,-0.01,-0.06%,24,83,12,21,1,5,0,0.253,0.675,0.675,0.667,0,0,0
466,TB,Harold Ramírez,alwc,2,8,0,1,0,0,0,0,0,2,0.125,0.125,0.125,0.25,0,0,,-0.16,-1.04%,122,400,58,125,12,68,5,0.313,0.813,0.813,0.25,0,0,0
463,TB,Isaac Paredes,alwc,2,8,0,3,1,0,0,0,0,2,0.375,0.375,0.5,0.875,0,0,0,-0.09,-0.53%,143,492,71,123,31,98,1,0.25,0.84,0.84,0.875,0,0,0
455,TB,Jake Diekman,alwc,1,0,0,0,0,0,0,0,0,0,,,,,0,0,0,0,0.00%,*0,,,,,,,,,0,0,0,0,0
448,TB,Jonathan Aranda*,alwc,1,1,0,0,0,0,0,0,0,1,0,0,0,0,0,0,,-0.01,-0.03%,34,87,13,20,2,13,0,0.23,0.708,0.708,0,0,0,0
467,TB,Jose Siri,alwc,1,3,0,0,0,0,0,0,0,0,0,0,0,0,0,0,1,-0.13,-0.83%,101,338,58,75,25,56,12,0.222,0.761,0.761,0,0,0,0
460,TB,Josh Lowe*,alwc,2,4,1,1,0,0,0,0,1,0,0.25,0.4,0.25,0.65,0,0,0,-0.04,-0.30%,135,466,71,136,20,83,32,0.292,0.835,0.835,0.65,0,0,0
452,TB,Junior Caminero,alwc,2,2,0,0,0,0,0,0,0,1,0,0,0,0,0,0,0,-0.02,-0.15%,7,34,4,8,1,7,0,0.235,0.631,0.631,0,0,0,0
461,TB,Manuel Margot,alwc,2,6,0,1,0,0,0,0,0,2,0.167,0.167,0.167,0.333,0,0,0,-0.08,-0.53%,99,311,39,82,4,38,9,0.264,0.686,0.686,0.333,0,0,0
450,TB,Randy Arozarena,alwc,2,8,0,3,1,0,0,0,0,2,0.375,0.375,0.5,0.875,0,0,0,0.04,0.31%,151,551,95,140,23,83,22,0.254,0.789,0.789,0.875,0,0,0
464,TB,René Pinto,alwc,2,5,0,0,0,0,0,0,0,4,0,0,0,0,0,0,1,-0.1,-0.69%,38,103,10,26,6,16,0,0.252,0.723,0.723,0,0,0,0
449,TB,Shawn Armstrong,alwc,1,0,0,0,0,0,0,0,0,0,,,,,0,0,0,0,0.00%,0,,,,,,,,,0,0,0,0,0
468,TB,Taylor Walls#,alwc,2,6,0,2,0,0,0,0,0,1,0.333,0.333,0.333,0.667,0,0,1,0,0.00%,99,303,50,61,8,36,22,0.201,0.638,0.638,0.667,0,0,0
457,TB,Tyler Glasnow*,alwc,1,0,0,0,0,0,0,0,0,0,,,,,0,0,0,0,0.00%,0,,,,,,,,,0,0,0,0,0
454,TB,Yandy Díaz,alwc,2,8,0,1,0,0,0,0,0,1,0.125,0.125,0.125,0.25,0,0,1,-0.06,-0.38%,137,525,95,173,22,78,0,0.33,0.932,0.932,0.25,0,0,0
456,TB,Zach Eflin,alwc,1,0,0,0,0,0,0,0,0,0,,,,,0,0,0,0,0.00%,0,,,,,,,,,0,0,0,0,0
459,TB,Zack Littell,alwc,1,0,0,0,0,0,0,0,0,0,,,,,0,0,0,0,0.00%,*0,,,,,,,,,0,0,0,0,0
316,TEX,Adolis García,alcs,7,28,7,10,0,0,5,15,0,6,0.357,0.4,0.893,1.293,1,0,0,0.48,17.21%,148,555,108,136,39,107,9,0.245,0.836,0.836,0.7,1,1.293,1.1
320,TEX,Andrew Heaney*,alcs,2,0,0,0,0,0,0,0,0,0,,,,,0,0,0,0,0.00%,0,,,,,,,,,0,0,0,0,0
313,TEX,Aroldis Chapman*,alcs,4,0,0,0,0,0,0,0,0,0,,,,,0,0,0,0,0.00%,*1,0,0,0,0,0,0,,,0,0,0,0,0
384,TEX,Austin Hedges,ws,1,1,0,0,0,0,0,0,0,1,0,0,0,0,0,0,0,-0.12,-3.37%,*81,185,14,34,1,16,1,0.184,0.461,0.461,0,0,0,0
338,TEX,Brock Burke*,alds,1,0,0,0,0,0,0,0,0,0,,,,,0,0,0,0,0.00%,0,,,,,,,,,0,0,0,0,0
334,TEX,Chris Stratton,alcs,2,0,0,0,0,0,0,0,0,0,,,,,0,0,0,0,0.00%,*0,,,,,,,,,0,0,0,0,0
311,TEX,Cody Bradford*,alcs,2,0,0,0,0,0,0,0,0,0,,,,,0,0,0,0,0.00%,0,,,,,,,,,0,0,0,0,0
330,TEX,Corey Seager*,alcs,7,31,6,8,2,0,2,3,1,5,0.258,0.303,0.516,0.819,0,0,0,-0.24,-0.58%,119,477,88,156,33,96,2,0.327,1.013,1.013,1.7,1.567,0.819,1.137
314,TEX,Dane Dunning,alcs,1,0,0,0,0,0,0,0,0,0,,,,,0,0,0,0,0.00%,0,,,,,,,,,0,0,0,0,0
312,TEX,Evan Carter*,alcs,7,25,5,6,3,0,0,2,3,8,0.24,0.321,0.36,0.681,2,0,0,-0.04,2.40%,23,62,15,19,5,12,3,0.306,1.058,1.058,2.875,0.862,0.681,0.776
400,TEX,Ezequiel Duran,ws,Did not play in series,,,,,,,,,,,,,,,,,,,122,406,55,112,14,46,8,0.276,0.768,0.768,0,0,0,0
318,TEX,Jon Gray,alcs,1,0,0,0,0,0,0,0,0,0,,,,,0,0,0,0,0.00%,1,0,0,0,0,0,0,,,0,0,0,0,0
321,TEX,Jonah Heim#,alcs,7,28,2,7,0,0,2,4,2,3,0.25,0.3,0.464,0.764,1,0,0,0.41,11.40%,131,457,61,118,18,95,2,0.258,0.755,0.755,0.583,0.462,0.764,0.505
326,TEX,Jordan Montgomery*,alcs,3,0,0,0,0,0,0,0,0,0,,,,,0,0,0,0,0.00%,*0,,,,,,,,,0,0,0,0,0
324,TEX,José Leclerc,alcs,5,0,0,0,0,0,0,0,0,0,,,,,0,0,0,0,0.00%,0,,,,,,,,,0,0,0,0,0
332,TEX,Josh H. Smith*,alcs,1,0,0,0,0,0,0,0,0,0,,,,,0,0,,0,0.00%,90,195,29,36,6,15,1,0.185,0.633,0.633,0,0,0,0
323,TEX,Josh Jung,alcs,7,25,4,5,0,0,2,5,2,10,0.2,0.25,0.44,0.69,0,0,1,-0.13,-3.85%,122,478,75,127,23,70,1,0.266,0.781,0.781,1.208,1.212,0.69,0.75
328,TEX,Josh Sborz,alcs,5,0,0,0,0,0,0,0,0,0,,,,,0,0,0,0,0.00%,1,1,0,0,0,0,0,0,0,0,0,0,0,0
335,TEX,Leody Taveras#,alcs,7,22,2,5,0,1,1,1,4,4,0.227,0.346,0.455,0.801,2,0,0,0.11,-0.43%,143,511,67,136,14,67,14,0.266,0.733,0.733,0.667,0.685,0.801,0.158
331,TEX,Marcus Semien,alcs,7,29,4,6,0,0,0,0,4,2,0.207,0.303,0.207,0.51,0,0,1,-0.48,-10.28%,162,670,122,185,29,100,14,0.276,0.826,0.826,0.422,0.552,0.51,0.917
327,TEX,Martín Pérez*,alcs,2,0,0,0,0,0,0,0,0,0,,,,,0,0,0,0,0.00%,0,,,,,,,,,0,0,0,0,0
329,TEX,Max Scherzer,alcs,2,0,0,0,0,0,0,0,0,0,,,,,0,0,0,0,0.00%,*0,,,,,,,,,0,0,0,0,0
317,TEX,Mitch Garver,alcs,7,24,4,6,1,0,1,4,3,5,0.25,0.357,0.417,0.774,0,0,,0.23,8.74%,87,296,45,80,19,50,0,0.27,0.87,0.87,0,1.2,0.774,0.49
315,TEX,Nathan Eovaldi,alcs,2,0,0,0,0,0,0,0,0,0,,,,,0,0,0,0,0.00%,0,,,,,,,,,0,0,0,0,0
325,TEX,Nathaniel Lowe*,alcs,7,27,4,7,1,0,2,4,2,11,0.259,0.31,0.519,0.829,0,0,0,0.05,1.16%,161,623,89,163,17,82,1,0.262,0.775,0.775,0.4,0.647,0.829,0.535
319,TEX,Robbie Grossman#,alcs,3,4,1,0,0,0,0,0,0,1,0,0,0,0,0,0,0,0.06,0.69%,115,353,56,84,10,49,1,0.238,0.734,0.734,0.311,0.6,0,0
322,TEX,Travis Jankowski*,alcs,4,2,0,1,0,0,0,0,0,0,0.5,0.5,0.5,1,0,0,0,0,0.01%,107,247,34,65,1,30,19,0.263,0.689,0.689,0,0,1,0.804
63,TOR,Alejandro Kirk,alwc,2,6,0,2,0,0,0,0,1,1,0.333,0.5,0.333,0.833,0,0,0,0,0.00%,123,372,34,93,8,43,0,0.25,0.692,0.692,0.833,0,0,0
51,TOR,Bo Bichette,alwc,2,8,1,4,0,0,0,0,0,2,0.5,0.5,0.5,1,0,0,1,-0.07,-0.40%,135,571,69,175,20,73,5,0.306,0.814,0.814,1,0,0,0
49,TOR,Brandon Belt*,alwc,2,8,0,0,0,0,0,0,0,5,0,0,0,0,0,0,,-0.2,-1.18%,103,339,53,86,19,43,0,0.254,0.858,0.858,0,0,0,0
52,TOR,Cavan Biggio*,alwc,2,8,0,1,0,0,0,0,0,3,0.125,0.125,0.125,0.25,0,0,0,-0.18,-1.01%,111,289,54,68,9,40,5,0.235,0.71,0.71,0.25,0,0,0
58,TOR,Chad Green*,alwc,1,0,0,0,0,0,0,0,0,0,,,,,0,0,0,0,0.00%,0,,,,,,,,,0,0,0,0,0
69,TOR,Daulton Varsho*,alwc,2,5,0,0,0,0,0,0,0,3,0,0,0,0,0,0,0,-0.18,-1.03%,158,527,65,116,20,61,16,0.22,0.674,0.674,0,0,0,0
68,TOR,Erik Swanson,alwc,2,0,0,0,0,0,0,0,0,0,,,,,0,0,0,0,0.00%,0,,,,,,,,,0,0,0,0,0
53,TOR,Génesis Cabrera*,alwc,1,0,0,0,0,0,0,0,0,0,,,,,0,0,0,0,0.00%,*2,0,0,0,0,0,0,,,0,0,0,0,0
67,TOR,George Springer,alwc,2,9,0,2,0,0,0,0,0,0,0.222,0.222,0.222,0.444,0,0,0,-0.07,-0.34%,154,613,87,158,21,72,20,0.258,0.732,0.732,0.444,0,0,0
60,TOR,Jordan Hicks,alwc,1,0,0,0,0,0,0,0,0,0,,,,,0,0,0,0,0.00%,*0,,,,,,,,,0,0,0,0,0
66,TOR,Jordan Romano,alwc,1,0,0,0,0,0,0,0,0,0,,,,,0,0,0,0,0.00%,1,0,0,0,0,0,0,,,0,0,0,0,0
50,TOR,José Berríos,alwc,1,0,0,0,0,0,0,0,0,0,,,,,0,0,0,0,0.00%,1,0,0,0,0,0,0,,,0,0,0,0,0
57,TOR,Kevin Gausman*,alwc,1,0,0,0,0,0,0,0,0,0,,,,,0,0,0,0,0.00%,0,,,,,,,,,0,0,0,0,0
61,TOR,Kevin Kiermaier*,alwc,2,5,0,2,0,0,0,1,1,2,0.4,0.5,0.4,0.9,0,0,0,-0.04,-0.24%,129,370,58,98,8,36,14,0.265,0.741,0.741,0.9,0,0,0
54,TOR,Matt Chapman,alwc,2,7,0,1,0,0,0,0,1,3,0.143,0.25,0.143,0.393,0,0,0,-0.31,-1.68%,140,509,66,122,17,54,4,0.24,0.755,0.755,0.393,0,0,0
55,TOR,Santiago Espinal,alwc,1,2,0,2,0,0,0,0,0,0,1,1,1,2,0,0,0,0.14,0.76%,93,230,30,57,2,25,2,0.248,0.644,0.644,2,0,0,0
64,TOR,Tim Mayza*,alwc,1,0,0,0,0,0,0,0,0,0,,,,,0,0,0,0,0.00%,2,0,0,0,0,0,0,,,0,0,0,0,0
59,TOR,Vladimir Guerrero Jr.,alwc,2,7,0,1,1,0,0,0,1,0,0.143,0.25,0.286,0.536,0,0,0,-0.11,-0.58%,156,602,78,159,26,94,5,0.264,0.788,0.788,0.536,0,0,0
65,TOR,Whit Merrifield,alwc,2,1,0,0,0,0,0,0,1,0,0,0.5,0,0.5,0,0,0,-0.01,-0.05%,145,547,66,149,11,67,26,0.272,0.7,0.7,0.5,0,0,0
56,TOR,Yimi García,alwc,1,0,0,0,0,0,0,0,0,0,,,,,0,0,0,0,0.00%,0,,,,,,,,,0,0,0,0,0
62,TOR,Yusei Kikuchi*,alwc,1,0,0,0,0,0,0,0,0,0,,,,,0,0,0,0,0.00%,0,,,,,,,,,0,0,0,0,0
